2026-09-29 18:54,short,N:\rel\b11399,N:\rel\b11493,36.50,57.77
2026-09-29 18:54,chat,N:\rel\b11399,N:\rel\b11493,32.31,55.37
2026-09-29 18:54,long,N:\rel\b11399,N:\rel\b11493,501.90,509.26
2026-09-29 19:04,short,N:\rel\b11399,N:\rel\b11493,35.45,55.44
2026-09-29 19:04,chat,N:\rel\b11399,N:\rel\b11493,32.65,54.71
2026-09-29 19:04,long,N:\rel\b11399,N:\rel\b11493,506.77,502.87
2026-09-29 19:10,short,N:\rel\b11399,N:\rel\b11493,38.33,57.63
2026-09-29 19:10,chat,N:\rel\b11399,N:\rel\b11493,32.33,59.89
2026-09-29 19:10,long,N:\rel\b11399,N:\rel\b11493,504.89,508.81
2026-09-29 19:15,short,N:\rel\b11399,N:\rel\b11493,35.77,58.00
2026-09-29 19:15,chat,N:\rel\b11399,N:\rel\b11493,33.43,59.79
2026-09-29 19:15,long,N:\rel\b11399,N:\rel\b11493,504.23,509.29
